id,flow_0,flow_1
alpha,103.14216,366.2496
a,233.86752,388.45656
b,261.62388,318.82896000000005
c,317.1096,317.8224
d,324.7902,300.10608
e,299.16972,255.0204
f,385.10856,239.4756
1,285.5628,362.86704
2,276.20352,279.1926
3,290.74032,323.57556
4,306.54288,289.413
5,283.6548,292.34520000000003
6,362.68344,274.7124
beta,354.21840000000003,92.65752
